'Index Name', 'Run', 'Phase', 'Population', 'Load Elapsed', 'COMPLETE Elapsed', 'COMPLETE Count', 'HIGHCARD Elapsed', 'HIGHCARD Count', 'LOWCARD Elapsed', 'LOWCARD Count'
'FlatBloofi',0,'Query',1000000,5864081261,4.561856054000001,1316235,6.336427860000001,14313576,77.113775464,204745637
'FlatBloofi',0,'Delete',1000000,5864081261,1.110451483,520,0.7184086940000001,13,0.763989617,13
