'Index Name', 'Phase', 'Population', 'Avg Load Elapsed', 'Avg COMPLETE Elapsed', 'Avg HIGHCARD Elapsed', 'Avg LOWCARD Elapsed'
'FlatBloofi','Query', 1000000,5.864081261,4.561856054000001,6.336427860000001,77.113775464
'FlatBloofi','Delete', 1000000,5.864081261,1.110451483,0.7184086940000001,0.763989617
