'Index Name', 'Run', 'Phase', 'Population', 'Load Elapsed', 'COMPLETE Elapsed', 'COMPLETE Count', 'HIGHCARD Elapsed', 'HIGHCARD Count', 'LOWCARD Elapsed', 'LOWCARD Count'
'BF-Trie',0,'Query',1000000,2267901517,1.3667847690000001,1316235,22.696235079,14313576,130.023890681,204745637
'BF-Trie',0,'Delete',1000000,2267901517,0.0016233830000000002,520,2.33381E-4,13,1.26873E-4,13
'Bloofi',0,'Query',1000000,13462702200,236.91718834300002,1316235,465.90976067900004,14313576,506.28182906,204745637
'Bloofi',0,'Delete',1000000,13462702200,156.326075185,520,461.09447098400005,13,707.690080348,13
'FlatBloofi',0,'Query',1000000,8168227093,5.2919489120000005,1316235,8.551970551,14313576,114.21018470300001,204745637
'FlatBloofi',0,'Delete',1000000,8168227093,0.665348127,520,0.412058458,13,0.43301740800000005,13
'Hamming',0,'Query',1000000,2797191268,262.445878688,1316235,823.8578424140001,14313576,680.9833665150001,204745637
'Hamming',0,'Delete',1000000,2797191268,0.0036415540000000004,520,0.001159899,13,9.73077E-4,13
