'Index Name', 'Phase', 'Population', 'Avg Load Elapsed', 'Avg COMPLETE Elapsed', 'Avg HIGHCARD Elapsed', 'Avg LOWCARD Elapsed'
'BF-Trie','Query', 1000000,2.2679015170000003,1.3667847690000001,22.696235079,130.023890681
'BF-Trie','Delete', 1000000,2.2679015170000003,0.0016233830000000002,2.33381E-4,1.26873E-4
'Bloofi','Query', 1000000,13.4627022,236.91718834300002,465.90976067900004,506.28182906
'Bloofi','Delete', 1000000,13.4627022,156.326075185,461.09447098400005,707.690080348
'FlatBloofi','Query', 1000000,8.168227093,5.2919489120000005,8.551970551,114.21018470300001
'FlatBloofi','Delete', 1000000,8.168227093,0.665348127,0.412058458,0.43301740800000005
'Hamming','Query', 1000000,2.797191268,262.445878688,823.8578424140001,680.9833665150001
'Hamming','Delete', 1000000,2.797191268,0.0036415540000000004,0.001159899,9.73077E-4
