'Index Name', 'Run', 'Phase', 'Population', 'Load Elapsed', 'COMPLETE Elapsed', 'COMPLETE Count', 'HIGHCARD Elapsed', 'HIGHCARD Count', 'LOWCARD Elapsed', 'LOWCARD Count'
'List',0,'Query',1000000,111676635,874.6133252420001,1316235,831.6060439370001,14313576,680.847862997,204745637
'List',0,'Delete',1000000,111676635,583.6628789250001,520,794.812572,13,792.376453285,13
