'Index Name', 'Phase', 'Population', 'Avg Load Elapsed', 'Avg COMPLETE Elapsed', 'Avg HIGHCARD Elapsed', 'Avg LOWCARD Elapsed'
'List','Query', 1000000,0.11167663500000001,874.6133252420001,831.6060439370001,680.847862997
'List','Delete', 1000000,0.11167663500000001,583.6628789250001,794.812572,792.376453285
